{
  "best_params": {
    "bb_tolerance": 1.001,
    "volume_multiplier": 3.5,
    "rsi_threshold": 25,
    "stop_loss": 0.5,
    "take_profit": 0.5,
    "avg_return": -0.3950917345909378,
    "avg_win_rate": 28.809523809523807,
    "total_trades": 61,
    "avg_trades_per_day": 6.1,
    "train_return": -0.3950917345909378,
    "val_return": -0.5771849184899999,
    "val_win_rate": 27.47402597402597,
    "val_avg_trades": 6.9,
    "performance_drop": 0.18209318389906204
  },
  "all_validation_results": [
    {
      "bb_tolerance": 1.001,
      "volume_multiplier": 3.5,
      "rsi_threshold": 25,
      "stop_loss": 0.5,
      "take_profit": 0.5,
      "avg_return": -0.3950917345909378,
      "avg_win_rate": 28.809523809523807,
      "total_trades": 61,
      "avg_trades_per_day": 6.1,
      "train_return": -0.3950917345909378,
      "val_return": -0.5771849184899999,
      "val_win_rate": 27.47402597402597,
      "val_avg_trades": 6.9,
      "performance_drop": 0.18209318389906204
    },
    {
      "bb_tolerance": 1.005,
      "volume_multiplier": 3.5,
      "rsi_threshold": 25,
      "stop_loss": 0.5,
      "take_profit": 0.5,
      "avg_return": -0.3950917345909378,
      "avg_win_rate": 28.809523809523807,
      "total_trades": 61,
      "avg_trades_per_day": 6.1,
      "train_return": -0.3950917345909378,
      "val_return": -0.5771849184899999,
      "val_win_rate": 27.47402597402597,
      "val_avg_trades": 6.9,
      "performance_drop": 0.18209318389906204
    },
    {
      "bb_tolerance": 1.01,
      "volume_multiplier": 3.5,
      "rsi_threshold": 25,
      "stop_loss": 0.5,
      "take_profit": 0.5,
      "avg_return": -0.3950917345909378,
      "avg_win_rate": 28.809523809523807,
      "total_trades": 61,
      "avg_trades_per_day": 6.1,
      "train_return": -0.3950917345909378,
      "val_return": -0.5771849184899999,
      "val_win_rate": 27.47402597402597,
      "val_avg_trades": 6.9,
      "performance_drop": 0.18209318389906204
    }
  ],
  "train_days": [
    "20250115",
    "20250128",
    "20250202",
    "20250207",
    "20250219",
    "20250427",
    "20250429",
    "20250517",
    "20250519",
    "20250523"
  ],
  "validation_days": [
    "20250109",
    "20250111",
    "20250217",
    "20250316",
    "20250319",
    "20250323",
    "20250414",
    "20250514",
    "20250520",
    "20250527"
  ],
  "timestamp": "20251012_161548"
}